f8df6cf748cc3cf7c05ab18e798b3e91,md5sum,LummaStealer
17a9e53240082bd288d35b02986769a0,md5sum,LummaStealer
817ee46423164cf2502ae2accffecaa1,md5sum,LummaStealer
efb9b1da0d5db39485c469cd5fe3aa1e,md5sum,LummaStealer
5aac51312dfd99bf4e88be482f734c79,md5sum,LummaStealer
9cd90bc5d586721862744403d80debfc,md5sum,LummaStealer
11b6c32ffdb72904d0813e7df93cef79,md5sum,LummaStealer
2bc31e3b4d6623e6053b4b77a1bce062,md5sum,LummaStealer
ec89c94613bf3208d975b9b3c758f81d,md5sum,LummaStealer
c265357447e7e4910769b1817d6277cb,md5sum,LummaStealer
16685b20847f33924fb8d849229c41f0,md5sum,LummaStealer
254d7550e25a597539d67ffd01e3f1bd,md5sum,LummaStealer
1e085b39d5dae93c6f5e6f4ef31e211e,md5sum,LummaStealer
24c3a967a34b6657e3f84bab979d5f67,md5sum,LummaStealer
c9c0e32e00d084653db0b37a239e9a34,md5sum,LummaStealer
eb99b5d6ca92e932c02a8108a7512bf3,md5sum,LummaStealer
6908f7af68011665fbe453a628171101,md5sum,LummaStealer
53200921c95e7e4ce8c9959d06870416,md5sum,LummaStealer
16685b20847f33924fb8d849229c41f0,md5sum,LummaStealer
25110b76d4543e7dcd9b9737fb47005c,md5sum,LummaStealer
fc146adbe18d3cbdd7989a02b7bcc761,md5sum,LummaStealer
358e7b13098e126d884b121217d10fce,md5sum,LummaStealer
e219df199449c251506374d080a58de5,md5sum,